country,year,sex,list,agf,cause_new,total,d20_new,d30_new,d40_new,d50_new,d60_new,d70_new,d80_new,d90_new,d95p
GBRTENW,2001,1,interm,3,1,181673.46,4620.06,3404.14,5046.84,9656.07,19264.54,40017.91,61288.17,35427.48,2948.28
GBRTENW,2001,1,interm,3,48,353.09,2.98,3.91,5.98,16.96,36.98,95.92,129.33,58.76,2.27
GBRTENW,2001,1,interm,3,49,116.36,0,0,0,2,1,19.99,57.14,35.1,1.13
GBRTENW,2001,1,interm,3,50,1278.37,1.01,6.95,17.92,99.77,177.76,293.85,466.11,202.52,12.48
GBRTENW,2001,1,interm,3,51,26234.76,7.04,54.7,375.25,1436.77,3332.73,7116.75,9713.18,3995.21,203.14
GBRTENW,2001,1,interm,3,52,32780.96,3.92,46.41,390.19,1658.28,3940.85,8255.93,11843.16,6218.94,423.3
GBRTENW,2001,1,interm,3,53,1377.78,11.63,16.63,31.85,66.85,141.85,337.73,495.21,261.27,14.75
GBRTENW,2001,1,interm,3,54,1598.78,4.8,11.8,18.91,60.86,135.83,355.73,616.66,378.3,15.89
GBRTENW,2001,1,interm,3,55,33.61,1.01,3.91,3.99,0,2,4.99,4.03,11.41,2.27
GBRTENW,2001,1,interm,3,56,3904.45,2.81,3.91,9.96,23.94,104.82,464.53,1501.58,1586.37,206.55
GBRTENW,2001,1,interm,3,57,3074.35,84.68,80.61,164.25,249.43,330.7,528.72,898.48,671.68,65.82
GBRTENW,2002,1,interm,3,1,184080.29,4575.61,3239.57,5099.88,9434.81,19775.4,39888.67,63020.51,35765.9,3279.95
GBRTENW,2002,1,interm,3,48,315.69,0,2.87,4.98,18.04,41.02,101.62,112.23,32.69,2.24
GBRTENW,2002,1,interm,3,49,121.9,0,0.97,0,1,7.01,14.94,48.14,44.24,5.6
GBRTENW,2002,1,interm,3,50,1348.49,0.97,3.88,32.36,96.23,157.2,310.77,504.15,230.6,12.33
GBRTENW,2002,1,interm,3,51,25615.42,1.02,60.17,386.71,1356.16,3281.27,6674.89,9558.63,4107.14,189.44
GBRTENW,2002,1,interm,3,52,31638.52,1.93,49.44,452.96,1598.71,3689.31,7629.26,11566.15,6154.19,496.59
GBRTENW,2002,1,interm,3,53,1323.63,15.94,9.69,26.11,61.14,128.15,296.87,476.16,296.12,13.45
GBRTENW,2002,1,interm,3,54,1581.11,6.69,9.63,28.3,73.18,137.07,333.75,599.49,372.83,20.18
GBRTENW,2002,1,interm,3,55,16.18,1.02,2.89,1.02,2.01,0,1.99,3.01,3.11,1.12
GBRTENW,2002,1,interm,3,56,3970.17,3.83,5.81,12.09,33.07,121.06,481.23,1532.25,1544.32,236.52
GBRTENW,2002,1,interm,3,57,3132.64,74.13,85.13,153.56,240.59,383.51,523.96,883.33,699.87,88.56
GBRTENW,2003,1,interm,3,1,186524.28,4467.24,3034.18,5336.67,9339.46,20322.34,39528.6,64723.21,36293.51,3478.93
GBRTENW,2003,1,interm,3,48,301.76,1.86,2.87,5,18.21,36.05,85.23,119.54,30.75,2.24
GBRTENW,2003,1,interm,3,49,117.19,0.93,0.95,1,2.02,3,12.03,40.21,51.48,5.59
GBRTENW,2003,1,interm,3,50,1357.13,1.9,5.73,25.96,88.95,177.38,307.82,449.14,280.13,20.12
GBRTENW,2003,1,interm,3,51,24276.57,6.59,54.48,321.06,1288.61,3082.92,6168.78,9174.07,3936.33,243.7
GBRTENW,2003,1,interm,3,52,31041.85,3.77,50.65,406.87,1555.44,3777.42,7345,11516.83,5919.72,466.16
GBRTENW,2003,1,interm,3,53,1343.55,8.84,11.48,38.91,59.65,140.24,310.83,522.44,237.74,13.41
GBRTENW,2003,1,interm,3,54,1599.8,2.79,12.43,15.95,42.43,141.34,324.87,652.09,382.19,25.71
GBRTENW,2003,1,interm,3,55,25.32,0.97,2.86,2,3.02,4.01,0,2.01,8.21,2.24
GBRTENW,2003,1,interm,3,56,4062.28,6.65,6.71,11.97,35.36,128.36,480.28,1548.11,1607.84,237
GBRTENW,2003,1,interm,3,57,3202.32,82.4,77.55,152.7,260.88,407.86,554.53,881.4,710.11,74.9
GBRTENW,2004,1,interm,3,1,180807.45,4317,2858.39,5200.07,9099.31,19672.53,38249.66,63667.6,34231.35,3511.59
GBRTENW,2004,1,interm,3,48,330,1.98,5.66,7.91,11.98,35.08,86.93,127.35,51.98,1.11
GBRTENW,2004,1,interm,3,49,125.59,0,0.99,1,3.99,6.01,7.99,45.17,50.4,10.02
GBRTENW,2004,1,interm,3,50,1384.19,0,6.8,29.76,87.87,171.49,309.69,491.65,262.42,24.49
GBRTENW,2004,1,interm,3,51,22224.96,5.6,60.17,341.18,1136.87,2810.75,5426.14,8530,3656.03,258.22
GBRTENW,2004,1,interm,3,52,29576.36,4.78,43.2,382.13,1504.47,3563.9,6870.99,11001.81,5703.1,501.98
GBRTENW,2004,1,interm,3,53,1358.92,8.82,13.76,25.72,64.91,144.41,328.7,492.67,262.13,17.81
GBRTENW,2004,1,interm,3,54,1624.36,3.98,13.53,22.74,37.97,123.35,330.67,654.34,416.64,21.15
GBRTENW,2004,1,interm,3,55,22.35,4.1,0.99,0,0,1,3,8.02,4.12,1.11
GBRTENW,2004,1,interm,3,56,3462.21,4.77,4.9,13.99,24.96,104.27,419.56,1346.16,1327.68,215.93
GBRTENW,2004,1,interm,3,57,3213.6,76.17,83.63,166.53,276.57,407.21,502.59,901.27,705.05,94.61
GBRTENW,2005,1,interm,3,1,181797.4,4304.93,2688.51,5093.02,9157.49,20065.41,37577.65,62372.1,36678.86,3859.65
GBRTENW,2005,1,interm,3,48,340.2,1.91,3.69,10.83,13.08,41.17,85.22,126.71,55.37,2.22
GBRTENW,2005,1,interm,3,49,151.32,0,0.97,0,5.02,2.01,10.03,51.33,71.96,10.01
GBRTENW,2005,1,interm,3,50,1441.64,0,10.16,43.33,85.51,194.84,306.76,467.75,309.94,23.35
GBRTENW,2005,1,interm,3,51,20678.47,7.53,37.44,328,1046.32,2599.04,5016.5,7658.27,3702.93,282.44
GBRTENW,2005,1,interm,3,52,29006.75,2.76,42.13,409.79,1378.3,3521.92,6527.21,10711.5,5894.95,518.17
GBRTENW,2005,1,interm,3,53,1379.05,11.37,14.1,35.44,74.44,175.76,279.69,501.88,269.7,16.68
GBRTENW,2005,1,interm,3,54,1590.23,7.46,9.32,20.68,55.33,133.56,294.75,629.74,419.38,20.02
GBRTENW,2005,1,interm,3,55,21.76,3.65,0.92,2.95,1.01,0,2.01,8.05,2.06,1.11
GBRTENW,2005,1,interm,3,56,3652.31,3.69,5.67,13.79,21.13,111.46,382.98,1372.43,1519.89,221.28
GBRTENW,2005,1,interm,3,57,3264.87,72.79,75.1,185.12,246.43,422.84,527.28,883.23,731.99,120.09
GBRTENW,2006,1,interm,3,1,182657.91,4541.8,2894.59,5303.4,9278.3,20580.86,36623.09,61276.33,38248.36,3911.01
GBRTENW,2006,1,interm,3,48,315.58,0,6.13,5.12,7.09,32.18,77.17,127.44,57.12,3.32
GBRTENW,2006,1,interm,3,49,172.37,0,0,1.02,2.03,8.05,16.04,52.21,70.92,22.11
GBRTENW,2006,1,interm,3,50,1499.95,0,8.18,36.82,97.31,204.3,309.71,489.7,328.5,25.42
GBRTENW,2006,1,interm,3,51,19009.1,7.13,46.03,330.32,1043.37,2520.32,4324.83,6887.65,3623.95,225.51
GBRTENW,2006,1,interm,3,52,27739.51,1.02,48.08,382.47,1399.94,3423.49,6063.76,9929.16,5964.31,527.29
GBRTENW,2006,1,interm,3,53,1394.75,9.18,17.39,25.58,83.17,167.97,289.66,505.75,271.74,24.32
GBRTENW,2006,1,interm,3,54,1633.58,2.03,12.28,23.55,52.7,147.92,295.67,638.33,423.52,37.58
GBRTENW,2006,1,interm,3,55,32.71,1.01,7.16,5.12,5.08,3.02,0,2.01,8.21,1.11
GBRTENW,2006,1,interm,3,56,3128.88,2.04,2.05,9.22,27.37,81.48,340.77,1122.31,1332.51,211.14
GBRTENW,2006,1,interm,3,57,3303.66,94.64,90.04,192.43,259.64,381.37,540.23,881.11,735.97,128.23
GBRTENW,2007,1,interm,3,1,183658.85,4512.87,2925.33,5317.9,9057.76,20658.95,36239.52,60543.41,39936.25,4467.19
GBRTENW,2007,1,interm,3,48,311.45,2.05,4.11,9.2,13.15,26.17,81.17,110.36,63.02,2.22
GBRTENW,2007,1,interm,3,49,178.34,0,0,0,4.04,5.04,13.03,58.22,78.07,19.95
GBRTENW,2007,1,interm,3,50,1575.42,0,3.08,28.59,102.36,224.5,296.65,535.73,346.83,37.68
GBRTENW,2007,1,interm,3,51,17850.84,4.11,51.4,319.43,953.06,2433.96,3934.64,6298.01,3582.51,273.73
GBRTENW,2007,1,interm,3,52,27494.93,3.08,51.4,345.8,1357.29,3349.07,5846.86,9818.46,6133.43,589.56
GBRTENW,2007,1,interm,3,53,1387.53,12.36,19.52,31.61,75.97,168.1,264.57,504.61,289.74,21.06
GBRTENW,2007,1,interm,3,54,1726.62,3.08,10.27,22.49,49.63,124.83,296.65,683.25,496.52,39.9
GBRTENW,2007,1,interm,3,55,39.99,7.1,8.22,7.17,3.04,3.03,1,3.01,4.1,3.32
GBRTENW,2007,1,interm,3,56,3245.19,3.1,1.03,8.18,22.3,122.81,347.75,1136.92,1383.68,219.42
GBRTENW,2007,1,interm,3,57,3317.85,103.42,63.72,173.71,254.35,391.65,508.12,881,818.87,123.01
GBRTENW,2008,1,interm,3,1,186666.14,4481.52,2874.05,5404.02,9339.47,20615.74,36638.25,60680.53,41871.56,4761.2
GBRTENW,2008,1,interm,3,48,313.67,1.02,4.1,4.08,7.09,31.19,75.17,122.4,62.01,6.61
GBRTENW,2008,1,interm,3,49,202.39,0,0,0,1.01,4.02,14.03,43.15,112.62,27.56
GBRTENW,2008,1,interm,3,50,1626.36,1.02,11.27,41.81,116.58,174.13,312.74,529.78,402.64,36.38
GBRTENW,2008,1,interm,3,51,16837.74,7.15,31.75,308.97,1024.85,2265.58,3659.7,5706.49,3547.74,285.52
GBRTENW,2008,1,interm,3,52,27030.8,7.17,58.38,384.54,1347.12,3179.11,5726.65,9404.63,6313.57,609.62
GBRTENW,2008,1,interm,3,53,1396.27,9.16,9.22,46.96,78.07,154.96,290.69,466.46,307.67,33.07
GBRTENW,2008,1,interm,3,54,1849.71,2.05,4.1,27.56,46.62,145.93,297.7,725.33,550.82,49.61
GBRTENW,2008,1,interm,3,55,53.17,17.27,11.26,6.13,7.09,3.03,2,0,3.08,3.31
GBRTENW,2008,1,interm,3,56,3521.18,3.09,1.03,8.16,27.37,112.68,324.75,1204.19,1574.25,265.68
GBRTENW,2008,1,interm,3,57,3516.57,78.79,82.92,186.78,273.7,406.68,520.25,915.99,907.04,144.41
GBRTENW,2009,1,interm,3,1,183808.56,4225.88,2771.42,5516.82,9202.96,20332.48,35998.73,58941.41,42100.56,4718.24
GBRTENW,2009,1,interm,3,48,331.66,2.03,4.11,5.1,19.27,29.2,73.2,121.35,73.02,4.36
GBRTENW,2009,1,interm,3,49,192.3,0,0,2.04,1.01,7.04,15.05,47.15,93.85,26.15
GBRTENW,2009,1,interm,3,50,1669.08,0,3.07,43.88,109.58,197.35,357.03,476.38,445.82,35.96
GBRTENW,2009,1,interm,3,51,15823.58,3.05,41.15,279.59,962.47,2152.65,3460.83,5271.13,3387.92,264.79
GBRTENW,2009,1,interm,3,52,25977.09,7.1,50.41,339.8,1247.39,3079.79,5397.17,8986.9,6197.27,671.24
GBRTENW,2009,1,interm,3,53,1388.91,7.12,13.35,52.04,79.14,156.06,292.85,490.41,276.16,21.79
GBRTENW,2009,1,interm,3,54,1822.2,4.07,11.28,25.51,42.6,131.88,277.76,662.97,619.27,46.86
GBRTENW,2009,1,interm,3,55,58.09,13.27,10.3,9.18,10.16,6.04,0,4.01,5.13,0
GBRTENW,2009,1,interm,3,56,3441.38,6.1,4.1,9.18,29.41,99.66,373.02,1115.47,1534.2,270.24
GBRTENW,2009,1,interm,3,57,3549.15,73.48,64.74,189.81,270.95,414.84,502.41,950.8,931.76,150.37
GBRTENW,2010,1,interm,3,1,184061.66,3915.43,2584.16,5075.33,9258.28,20153.96,36331.62,58425.93,43386.51,4930.55
GBRTENW,2010,1,interm,3,48,305.73,0,0,4.09,6.09,27.17,77.19,101.26,82.32,7.6
GBRTENW,2010,1,interm,3,49,250.83,0,1.03,1.03,3.04,6.04,15.04,52.17,136.69,35.81
GBRTENW,2010,1,interm,3,50,1724.53,0,8.18,35.87,112.56,230.4,347.89,518.48,427.77,43.4
GBRTENW,2010,1,interm,3,51,15202.71,9.25,41.99,244.9,958.15,1990.23,3278.24,5023.01,3356.37,300.56
GBRTENW,2010,1,interm,3,52,25895.12,4.12,36.88,342.37,1215.45,3132.2,5310.23,8736.66,6454.23,662.96
GBRTENW,2010,1,interm,3,53,1360.84,9.36,8.19,32.79,79.09,197.19,292.74,446.24,271.36,23.87
GBRTENW,2010,1,interm,3,54,1921.8,6.18,4.09,20.45,50.71,124.75,279.68,734.14,646.49,55.34
GBRTENW,2010,1,interm,3,55,65.24,9.23,15.37,14.35,5.07,5.04,2.01,7.02,7.17,0
GBRTENW,2010,1,interm,3,56,3403.1,4.17,4.09,9.23,27.37,103.62,339.84,1071.34,1548.31,295.13
GBRTENW,2010,1,interm,3,57,3724.44,73.37,88.02,196.62,288.12,406.48,585.48,944.69,976.74,164.93
GBRTENW,2011,1,interm,3,1,185016.39,3843.23,2425.38,4875.33,9332.67,19728.26,36358.8,58147.36,45049.15,5256.4
GBRTENW,2011,1,interm,3,48,329.64,2.03,3.09,8.21,12.15,27.16,78.21,122.33,73.19,3.28
GBRTENW,2011,1,interm,3,49,300.21,0,0,2.05,5.06,11.06,31.08,101.33,126.66,22.97
GBRTENW,2011,1,interm,3,50,1673.14,0,6.18,38.9,88.09,228.3,304.82,538.57,411.41,56.87
GBRTENW,2011,1,interm,3,51,13951.9,7.16,37.06,256.02,870.79,1871.7,3006.09,4576.24,3089.5,237.34
GBRTENW,2011,1,interm,3,52,24131.64,4.1,47.36,318.46,1166.29,2830.05,5002.43,7924.91,6216.79,621.23
GBRTENW,2011,1,interm,3,53,943,12.3,19.57,27.65,61.76,104.6,216.58,292.86,191.31,16.41
GBRTENW,2011,1,interm,3,54,2114.11,3.06,6.17,22.54,45.54,152.87,308.84,754.29,758.46,62.34
GBRTENW,2011,1,interm,3,55,51.11,8.15,12.37,5.13,4.06,4.02,3,4.01,8.19,2.19
GBRTENW,2011,1,interm,3,56,2241.7,3.06,1.03,6.14,19.25,70.39,244.64,704.2,999.39,193.59
GBRTENW,2011,1,interm,3,57,3907.14,79.95,59.74,150.55,277.49,463.66,589.56,1004.95,1113.92,167.34
GBRTENW,2012,1,interm,3,1,190395.34,3698.49,2327.09,4546.82,9202.61,19040.98,37194.88,59959,48792.94,5632.47
GBRTENW,2012,1,interm,3,48,355.51,0,2.05,5.11,11.18,30.2,59.18,130.39,113.05,4.37
GBRTENW,2012,1,interm,3,49,326.7,0,2.05,5.1,5.08,17.11,37.11,86.29,140.1,33.85
GBRTENW,2012,1,interm,3,50,1728.73,3.06,4.1,33.72,101.53,207.43,341.03,537.66,456.52,43.68
GBRTENW,2012,1,interm,3,51,13533.24,6.08,45.11,228.75,784.57,1664.45,3033.13,4406.17,3077.79,287.19
GBRTENW,2012,1,interm,3,52,24274.07,12.19,37.96,291.01,1120.52,2648.14,4961.76,8057.54,6453.69,691.23
GBRTENW,2012,1,interm,3,53,961.43,9.22,16.4,29.63,62.93,114.79,224.68,281.86,204.48,17.47
GBRTENW,2012,1,interm,3,54,2138.12,2.02,4.1,17.36,54.84,130.88,336.96,756.39,747.1,88.45
GBRTENW,2012,1,interm,3,55,56.95,10.16,12.31,7.16,3.05,10.07,6.01,4.01,3.08,1.09
GBRTENW,2012,1,interm,3,56,2329.68,2.03,1.02,5.1,30.45,67.47,216.62,731.4,1075.74,199.83
GBRTENW,2012,1,interm,3,57,4138.26,76.69,72.78,152.18,282.3,361.49,534.6,1058.33,1334.53,265.35
GBRTENW,2013,1,interm,3,1,194703.16,3478.27,2484.58,4758.68,9494.76,19040.3,37685.13,61136.76,51072.17,5552.51
GBRTENW,2013,1,interm,3,48,284.83,0,1.02,2.05,10.13,24.16,51.15,113.32,78.63,4.37
GBRTENW,2013,1,interm,3,49,363.9,0,2.04,4.08,9.11,19.13,32.11,88.28,167.66,41.48
GBRTENW,2013,1,interm,3,50,1805.22,2.05,6.14,27.56,104.28,212.39,335.08,539.51,522.55,55.67
GBRTENW,2013,1,interm,3,51,13657.94,6.16,34.77,228.82,854.37,1754.45,3049.6,4401.54,3086.99,241.22
GBRTENW,2013,1,interm,3,52,24516.84,6.13,47.07,246.23,1154.03,2615.85,5167.32,8066.35,6554.58,659.27
GBRTENW,2013,1,interm,3,53,1059.41,10.28,5.12,38.86,61.77,116.74,248.82,334.01,224.17,19.65
GBRTENW,2013,1,interm,3,54,2293.41,4.12,9.21,18.4,52.64,144.92,320.99,790.46,859.9,92.78
GBRTENW,2013,1,interm,3,55,56.93,12.28,8.19,8.19,8.11,6.04,7.02,2,5.09,0
GBRTENW,2013,1,interm,3,56,2421.82,1.05,2.05,4.09,20.23,76.47,255.76,725.28,1137.15,199.75
GBRTENW,2013,1,interm,3,57,4421.57,68.78,74.76,148.18,275.46,390.55,634.01,1159.46,1440.06,230.31
GBRTENW,2014,1,interm,3,1,195714.91,3469.24,2520.74,4571.89,9619.83,18677.5,38439.48,60916.7,51995.62,5503.96
GBRTENW,2014,1,interm,3,48,292.83,0,3.09,10.23,8.12,30.25,55.2,113.33,68.2,4.41
GBRTENW,2014,1,interm,3,49,337.75,0,0,2.05,14.22,20.17,41.13,73.25,145.06,41.87
GBRTENW,2014,1,interm,3,50,2164.32,1.01,2.06,37.83,127.91,223.75,407.58,618.99,654.83,90.35
GBRTENW,2014,1,interm,3,51,13189.24,2.05,38.07,200.39,826.29,1715.45,2913.24,4155.83,3086.68,251.23
GBRTENW,2014,1,interm,3,52,23526.11,6.14,41.09,258.66,1147.04,2591.15,4949.16,7665.34,6273.6,593.92
GBRTENW,2014,1,interm,3,53,1096.15,10.23,19.52,28.66,58.87,143.1,254.95,334.99,224.91,20.94
GBRTENW,2014,1,interm,3,54,2368.91,5.12,7.2,15.34,54.82,129.02,335.23,800.69,948.79,72.72
GBRTENW,2014,1,interm,3,55,57.26,6.12,14.39,7.16,8.12,6.04,6.02,2,4.09,3.31
GBRTENW,2014,1,interm,3,56,1932.38,0,5.14,4.09,20.3,40.32,192.67,612.13,903.45,154.26
GBRTENW,2014,1,interm,3,57,4462.16,61.25,67.77,162.7,298.46,401.14,617.35,1126.67,1455.73,271.06
GBRTENW,2015,1,interm,3,1,206502.4,3563.89,2537.7,4612.73,9776.95,19032.52,39537.41,64129.54,56525.97,6785.36
GBRTENW,2015,1,interm,3,48,269,1.02,1.03,9.16,18.27,15.11,52.15,93.29,73.51,5.47
GBRTENW,2015,1,interm,3,49,416.3,0,0,5.09,15.2,15.1,37.11,109.38,186.23,48.18
GBRTENW,2015,1,interm,3,50,2320.97,0,9.19,31.55,135.82,257.8,439.37,654.21,692.29,100.74
GBRTENW,2015,1,interm,3,51,13370.35,4.07,30.66,184.23,860.27,1699.86,2977.05,4208.8,3125.1,280.31
GBRTENW,2015,1,interm,3,52,23753.57,4.08,47.03,271.96,1161.25,2603.14,4979.14,7636.24,6365.31,685.45
GBRTENW,2015,1,interm,3,53,1170.5,8.24,10.23,34.62,67.9,168.18,282.87,332.09,244.49,21.9
GBRTENW,2015,1,interm,3,54,2581.04,5.16,3.07,15.27,48.64,132.93,375.06,870.03,1033.43,97.45
GBRTENW,2015,1,interm,3,55,38.58,12.21,4.1,6.1,3.04,0,3,4.01,6.09,0
GBRTENW,2015,1,interm,3,56,1944.28,5.12,1.02,4.06,22.29,46.32,196.55,582.07,918.21,168.62
GBRTENW,2015,1,interm,3,57,4840.05,53.25,83.92,129.29,315.28,425.99,731.28,1236.3,1594.27,270.45
GBRTENW,2016,1,interm,3,1,207955.87,3419.98,2695.95,4632.41,10084.79,19233.12,40680.04,63731.32,56114.49,7363.58
GBRTENW,2016,1,interm,3,48,280.94,2.02,2.04,7.12,9.11,27.2,50.14,100.36,78.56,4.38
GBRTENW,2016,1,interm,3,49,416.59,0,1.02,3.05,8.12,20.15,54.14,96.37,183.38,50.35
GBRTENW,2016,1,interm,3,50,2371.75,1.01,5.11,43.75,119.64,240.59,447.15,677.55,736.24,100.71
GBRTENW,2016,1,interm,3,51,12834.98,3.07,42.9,207.58,823.16,1699.85,3057.14,3907.11,2838.01,256.15
GBRTENW,2016,1,interm,3,52,22976.74,2.03,45.96,255.4,1103.78,2577.86,4996.23,7259.25,6044.42,691.81
GBRTENW,2016,1,interm,3,53,1149.09,14.33,16.34,25.44,68.92,132.92,297.79,326.15,242.03,25.18
GBRTENW,2016,1,interm,3,54,2580.16,5.07,6.13,13.23,58.81,140.95,352.91,851.27,1033.58,118.22
GBRTENW,2016,1,interm,3,55,59.08,10.17,8.16,5.09,9.13,5.03,4.01,6.02,8.18,3.28
GBRTENW,2016,1,interm,3,56,2192.83,2.06,1.02,10.17,15.19,61.43,233.6,657.65,1004.82,206.89
GBRTENW,2016,1,interm,3,57,4993,60.12,64.34,159.76,314.34,395.86,698.86,1290.99,1645.33,363.42
GBRTENW,2001,2,interm,3,1,210152.83,2811.02,1529.93,3453.29,8024.15,14792.91,31277.39,65191.62,69650.5,13422.29
GBRTENW,2001,2,interm,3,48,980.26,2.03,1.95,4.9,15.96,84.29,248.39,363,240.13,19.63
GBRTENW,2001,2,interm,3,49,307.45,0,0,2,2.99,1,13.97,66.62,170.56,50.3
GBRTENW,2001,2,interm,3,50,1681.61,2,2.91,13.84,31.91,106.37,250.39,596.8,605.01,72.38
GBRTENW,2001,2,interm,3,51,21074.9,2.99,9.71,96.09,296.28,1075.79,3692.03,8265.48,6810.9,825.63
GBRTENW,2001,2,interm,3,52,28021.11,1.95,8.72,72.17,344.15,1088.85,3648.16,9679.06,11271.63,1906.43
GBRTENW,2001,2,interm,3,53,2111.08,11.08,17.45,34.39,60.87,159.61,342.17,717.01,681.39,87.1
GBRTENW,2001,2,interm,3,54,2011.78,7.12,3.88,5.97,19.94,83.32,236.42,737.54,793.7,123.91
GBRTENW,2001,2,interm,3,55,22.1,0,0.96,1,2,2.01,1,4.03,7.43,3.68
GBRTENW,2001,2,interm,3,56,6986.27,5.02,2.92,5.86,20.96,70.24,400.04,1944.01,3568.06,969.16
GBRTENW,2001,2,interm,3,57,4597.61,69.88,12.6,78.54,97.78,145.62,355.13,1242.86,2094.68,500.53
GBRTENW,2002,2,interm,3,1,213427.75,2635.67,1524.84,3482.38,7765.44,15092.4,30890.46,66576.22,71353.93,14106.65
GBRTENW,2002,2,interm,3,48,892.7,0,2.04,6.04,18.08,62.92,188.05,371.35,222.41,21.82
GBRTENW,2002,2,interm,3,49,358.5,0,0,1.03,1,1,15,91.12,182.69,66.66
GBRTENW,2002,2,interm,3,50,1664.96,0.93,0,15.11,41.17,98.88,254.08,608.84,579.28,66.66
GBRTENW,2002,2,interm,3,51,20679.13,6.55,19.55,83.76,307.2,975.78,3398.98,8205.74,6825.89,855.68
GBRTENW,2002,2,interm,3,52,27159.79,1.87,11.35,75.63,320.34,1051.67,3439.99,9484.01,10800.55,1974.37
GBRTENW,2002,2,interm,3,53,2125.01,12.72,14.36,41.48,79.28,157.81,324.1,767.34,645.5,82.42
GBRTENW,2002,2,interm,3,54,2132.53,2.91,4.08,11.06,21.08,88.88,254.07,738.5,890.73,121.2
GBRTENW,2002,2,interm,3,55,39.37,1.92,0,2.03,0,0,4,10.14,21.27,0
GBRTENW,2002,2,interm,3,56,7260.62,3.05,1,3,27.14,75.91,444.11,1939.61,3793.55,973.25
GBRTENW,2002,2,interm,3,57,4642.67,48.33,30.84,50.64,91.34,127.85,351.11,1250.07,2119.21,573.28
GBRTENW,2003,2,interm,3,1,218417.43,2852.23,1476.52,3525.34,7670.97,15472.63,30900.17,69440.91,71709.58,15369.17
GBRTENW,2003,2,interm,3,48,852.13,0.96,2.93,7.04,20.04,58.1,194.3,350.24,194.54,23.99
GBRTENW,2003,2,interm,3,49,448.98,0,0,0,1,8.02,12.01,106.3,246.07,75.58
GBRTENW,2003,2,interm,3,50,1831.01,0,1.98,21.11,27.05,88.15,263.38,692.3,643.46,93.58
GBRTENW,2003,2,interm,3,51,19839.32,6.79,11.82,89.47,272.64,892.53,3056.45,7858.85,6731.81,918.96
GBRTENW,2003,2,interm,3,52,26767.11,0,12.73,93.46,306.71,1035.76,3170.63,9453.09,10656.46,2038.26
GBRTENW,2003,2,interm,3,53,2268.55,18.63,22.36,46.23,66.2,143.25,366.54,838.1,684.46,82.78
GBRTENW,2003,2,interm,3,54,2047.84,1.92,0.95,12.06,30.05,53.1,248.36,756.25,831.19,113.97
GBRTENW,2003,2,interm,3,55,38.24,0,0,1,4.01,0,3,5.04,17.98,7.2
GBRTENW,2003,2,interm,3,56,7115.82,2.86,0.99,12.07,15.04,82.14,385.54,1911.79,3683.27,1022.13
GBRTENW,2003,2,interm,3,57,4775.52,54.58,38.76,52.28,100.28,155.27,390.59,1257.15,2069.22,657.43
GBRTENW,2004,2,interm,3,1,207907.98,2714.41,1405.68,3480.66,7342.35,15327.83,29595.87,66916.05,66370.05,14755.02
GBRTENW,2004,2,interm,3,48,868.3,2.8,0.97,10.97,20.07,54.08,174.86,358.89,213.62,32.05
GBRTENW,2004,2,interm,3,49,441.78,0,0.97,1.99,0,5,14.99,98.08,226.98,93.78
GBRTENW,2004,2,interm,3,50,1614.24,0.94,1.94,10.96,19.06,97.14,224.82,593.31,565.18,100.9
GBRTENW,2004,2,interm,3,51,17666.74,0,16.8,72.81,242.85,778.07,2581.95,7042.22,6059.57,872.48
GBRTENW,2004,2,interm,3,52,24823.16,2.81,8.92,87.83,268.93,905.25,3057.55,8732.05,9822.58,1937.26
GBRTENW,2004,2,interm,3,53,2224.66,13.46,15.96,37.91,74.25,142.19,343.73,808.02,692.98,96.15
GBRTENW,2004,2,interm,3,54,2133.8,2.84,4.01,9.99,25.08,62.08,231.82,809.45,862.69,125.83
GBRTENW,2004,2,interm,3,55,44.84,0,0,3.99,1,1,1,14.13,20.17,3.56
GBRTENW,2004,2,interm,3,56,6106.84,1.9,0,8.99,11.04,67.09,347.72,1698.27,3045.94,925.9
GBRTENW,2004,2,interm,3,57,4578.61,41.82,30.82,67.83,109.37,161.22,353.72,1198.53,2018.21,597.09
GBRTENW,2005,2,interm,3,1,210894.57,2680.56,1344.97,3424.21,7351.27,15524.33,29241.26,66418.96,69197.81,15711.01
GBRTENW,2005,2,interm,3,48,826,1.05,2.91,2.02,19.06,48.16,177.68,321.23,230.16,23.72
GBRTENW,2005,2,interm,3,49,472.06,0,0.98,0,0,4.02,11.05,105.27,274.85,75.9
GBRTENW,2005,2,interm,3,50,1777.37,0.97,4.87,11,42.14,100.35,228.88,621.49,662.11,105.55
GBRTENW,2005,2,interm,3,51,16375.29,2.02,12.65,73.86,220.7,771.62,2311.81,6376.65,5718.86,887.13
GBRTENW,2005,2,interm,3,52,23972.79,3.12,7.77,80.79,294.02,884.04,2738.46,8276.88,9621.72,2066.02
GBRTENW,2005,2,interm,3,53,2103.52,6.01,13.62,39.71,66.25,143.48,294.13,774.03,672.58,93.69
GBRTENW,2005,2,interm,3,54,2277.9,1.95,4.86,7.98,21.05,77.27,249.96,782.44,974.65,157.74
GBRTENW,2005,2,interm,3,55,42.06,1.92,0.98,0.97,1.01,4.01,5.01,8.09,10.58,9.49
GBRTENW,2005,2,interm,3,56,5844.79,2.93,2.92,8.03,18.05,58.21,354.34,1528.96,2935.59,935.76
GBRTENW,2005,2,interm,3,57,4781.65,39.28,20.42,78.4,115.43,184.63,360.38,1198,2109.07,676.02
GBRTENW,2006,2,interm,3,1,206647.66,2789.91,1303.04,3492.43,7314.56,15754.67,28327.69,63257.16,68865.07,15543.42
GBRTENW,2006,2,interm,3,48,757.75,4.13,1.02,8.13,20.16,39.12,145.34,287.33,224.23,28.29
GBRTENW,2006,2,interm,3,49,596.98,0,0,0,1.01,7.02,12.03,90.93,325.7,160.3
GBRTENW,2006,2,interm,3,50,1862.04,0,0,13.2,37.3,108.36,214.5,679.8,693.38,115.51
GBRTENW,2006,2,interm,3,51,14761.2,2.03,11.27,78.18,220.84,660.18,2008.65,5370.95,5596.98,812.12
GBRTENW,2006,2,interm,3,52,22705.2,4.07,13.32,77.11,274.18,911.02,2630.1,7578.43,9276.86,1940.12
GBRTENW,2006,2,interm,3,53,2250.18,17.39,12.3,52.81,72.57,138.47,354.83,758.02,738.88,104.9
GBRTENW,2006,2,interm,3,54,2085.91,2.05,6.15,9.15,34.29,62.21,207.49,736.32,885.67,142.62
GBRTENW,2006,2,interm,3,55,33.4,3.04,0,3.05,2.02,4.02,2,2.02,13.7,3.54
GBRTENW,2006,2,interm,3,56,5321.85,3.09,3.08,6.1,17.14,60.2,250.58,1355.26,2724.7,901.7
GBRTENW,2006,2,interm,3,57,4688.77,74.63,31.8,61.95,104.9,202.68,348.81,1093.7,2120.85,649.46
GBRTENW,2007,2,interm,3,1,209158.55,2731.54,1283.24,3478.01,7324.61,16075.31,28171.1,62550.15,70989.96,16554.54
GBRTENW,2007,2,interm,3,48,793.58,3.07,3.07,7.11,11.09,44.13,158.33,313.33,232.25,21.18
GBRTENW,2007,2,interm,3,49,705.26,0,0,0,1.01,7.01,9.02,107.98,400.2,180.04
GBRTENW,2007,2,interm,3,50,1976.11,0,0,15.25,35.3,101.32,222.45,622.86,848.31,130.62
GBRTENW,2007,2,interm,3,51,13988.49,4.06,9.21,86.38,203.73,640.04,1770.65,4924.07,5493.66,856.68
GBRTENW,2007,2,interm,3,52,22159.66,0,8.19,76.18,270.3,857.71,2440.03,7118.68,9325.71,2062.85
GBRTENW,2007,2,interm,3,53,2071.4,12.29,20.47,42.71,68.57,142.48,309.64,678.03,687.78,109.44
GBRTENW,2007,2,interm,3,54,2298.2,4.06,3.07,13.2,22.19,60.18,213.44,772.91,1039.7,169.45
GBRTENW,2007,2,interm,3,55,41.74,7.16,2.05,5.09,2.02,5.02,2,3.02,9.49,5.88
GBRTENW,2007,2,interm,3,56,5300.12,2.03,3.07,3.05,19.16,73.23,269.55,1254.15,2713.3,962.58
GBRTENW,2007,2,interm,3,57,4771.94,50.05,27.63,60,113.97,159.51,336.69,1065.77,2214.61,743.71
GBRTENW,2008,2,interm,3,1,212718.92,2723.38,1363.39,3515.72,7519.89,16069.12,28270.05,61685.67,73937.06,17634.25
GBRTENW,2008,2,interm,3,48,727.56,2.02,6.13,8.12,14.13,40.16,120.21,269.83,236.25,30.71
GBRTENW,2008,2,interm,3,49,770.47,0,0,1.01,2.02,3.01,15.03,108.98,434.93,205.49
GBRTENW,2008,2,interm,3,50,2013.16,0,3.06,14.21,41.38,117.5,223.4,646.56,791.1,175.96
GBRTENW,2008,2,interm,3,51,13009.17,2.03,10.21,96.38,207.89,609.52,1734.05,4417.77,5066.85,864.47
GBRTENW,2008,2,interm,3,52,21639.05,1.02,8.17,59.87,286.62,858.55,2384.2,6724.13,9217.89,2098.58
GBRTENW,2008,2,interm,3,53,2182.25,9.15,11.23,50.71,67.62,163.68,302.53,746.35,717.57,113.37
GBRTENW,2008,2,interm,3,54,2384.37,3.04,5.1,4.06,27.25,73.3,219.38,785.1,1087.63,179.51
GBRTENW,2008,2,interm,3,55,46.88,1.01,3.06,3.04,5.05,2.01,5.01,4.02,17.77,5.9
GBRTENW,2008,2,interm,3,56,5474.18,2.03,0,8.12,22.2,63.26,276.48,1292.52,2891.95,917.61
GBRTENW,2008,2,interm,3,57,5110.04,61.08,34.7,49.75,96.89,186.79,332.58,1146.05,2366.08,836.13
GBRTENW,2009,2,interm,3,1,203483.57,2666.15,1310.35,3395.33,7234.49,15812.06,27721.63,58118.19,70366.05,16859.36
GBRTENW,2009,2,interm,3,48,710.06,0,3.06,5.04,18.15,46.13,119.23,290.67,208.25,19.52
GBRTENW,2009,2,interm,3,49,781.99,0,0,1.01,3.03,4.01,8.02,97.75,430.55,237.63
GBRTENW,2009,2,interm,3,50,1935.84,0,4.08,8.08,36.31,116.37,229.44,568.6,801.93,171.05
GBRTENW,2009,2,interm,3,51,11756.38,1.01,11.23,49.49,216.87,546.66,1451.72,3996.58,4650.53,832.29
GBRTENW,2009,2,interm,3,52,19849.44,3.05,7.15,73.74,272.33,755.32,2082.89,6063.19,8586.22,2005.53
GBRTENW,2009,2,interm,3,53,2123.08,9.21,19.39,30.35,84.74,156.48,320.61,659.05,746.86,96.43
GBRTENW,2009,2,interm,3,54,2397.67,1.01,2.04,8.09,22.2,70.21,227.43,699.22,1179.2,188.27
GBRTENW,2009,2,interm,3,55,36.03,3.04,4.09,7.09,0,4.01,1,4.04,10.45,2.3
GBRTENW,2009,2,interm,3,56,5185.59,3.06,3.06,4.03,17.15,49.15,243.45,1251.36,2652.31,962.01
GBRTENW,2009,2,interm,3,57,5026.36,63.38,30.63,66.74,93.8,185.6,337.63,1107.34,2298.6,842.62
GBRTENW,2010,2,interm,3,1,206402.68,2595.26,1259.1,3326.38,7391.66,15647.68,27880.72,57981.09,72526.85,17793.82
GBRTENW,2010,2,interm,3,48,649.5,1.03,2.04,6.09,16.14,44.19,92.16,258.4,203.97,25.49
GBRTENW,2010,2,interm,3,49,849.31,0,0,0,4.03,5.03,15.03,104.7,485.29,235.24
GBRTENW,2010,2,interm,3,50,2036.05,0,0,12.19,38.32,107.46,233.4,619.56,858.25,166.87
GBRTENW,2010,2,interm,3,51,11179.72,0,13.25,63.99,201.69,523.29,1406.41,3690.45,4488.03,792.64
GBRTENW,2010,2,interm,3,52,19207.17,3.08,15.33,76.15,287.37,745.33,2015.43,5650.78,8360.24,2053.44
GBRTENW,2010,2,interm,3,53,2092.17,14.33,9.2,49.78,62.53,131.57,299.51,655.81,746.58,122.84
GBRTENW,2010,2,interm,3,54,2478.12,5.11,4.09,14.22,20.16,79.34,212.36,758.52,1175.71,208.59
GBRTENW,2010,2,interm,3,55,49.5,7.18,4.09,5.08,4.03,2.01,3,8.06,12.56,3.48
GBRTENW,2010,2,interm,3,56,5027.6,2.05,3.07,3.05,14.12,52.24,224.38,1134.76,2688.89,905.04
GBRTENW,2010,2,interm,3,57,5354.2,38.8,38.86,65.03,118,191.86,316.54,1160.9,2471.65,952.56
GBRTENW,2011,2,interm,3,1,205699.66,2387.58,1313.22,3188.45,7426.51,15442.45,28005.17,56509.94,73083.96,18342.45
GBRTENW,2011,2,interm,3,48,761.23,1.04,2.05,5.09,14.15,37.13,101.19,256.55,305.43,38.58
GBRTENW,2011,2,interm,3,49,857.3,0,0,0,4.04,3.02,22.04,137.97,450.57,239.67
GBRTENW,2011,2,interm,3,50,1906.97,0,5.13,13.18,39.37,123.45,210.43,571.73,788.17,155.49
GBRTENW,2011,2,interm,3,51,10157.57,3.04,8.19,55.78,172.65,491.82,1266.53,3333.77,4064.7,761.1
GBRTENW,2011,2,interm,3,52,17413.43,1.01,7.18,56.84,248.33,726.72,1893.75,5243.8,7436.54,1799.28
GBRTENW,2011,2,interm,3,53,1632.74,10.18,21.52,36.56,57.56,93.34,236.47,536.28,546.14,94.7
GBRTENW,2011,2,interm,3,54,2407.66,2.05,3.08,7.09,23.23,66.22,181.35,712.66,1189.84,222.13
GBRTENW,2011,2,interm,3,55,48.6,3.04,3.08,3.06,2.02,5.03,4.01,3.02,12.48,12.86
GBRTENW,2011,2,interm,3,56,3344.65,1.04,2.04,5.09,8.08,47.15,168.32,752.07,1742.4,618.47
GBRTENW,2011,2,interm,3,57,5477.19,43.03,25.63,48.77,109.04,179.7,357.69,1193.23,2577.78,942.31
GBRTENW,2012,2,interm,3,1,213507.27,2336.01,1233.01,2930.24,7389.28,15104.81,28844.09,58089.61,78600.6,18979.49
GBRTENW,2012,2,interm,3,48,785.77,2.04,2.03,5.06,17.17,35.14,95.18,284.78,296.46,47.9
GBRTENW,2012,2,interm,3,49,995.13,0,1.01,1.01,4.04,9.04,29.05,159.16,539.44,252.37
GBRTENW,2012,2,interm,3,50,2062.55,0,3.04,11.12,41.42,111.46,283.53,580.7,844.33,186.94
GBRTENW,2012,2,interm,3,51,9971.02,4.09,9.13,54.55,162.62,481.97,1299.51,3146,4050.17,762.97
GBRTENW,2012,2,interm,3,52,17654.78,1.01,5.07,75.75,257.57,708.89,1892.64,5049.03,7795.39,1869.44
GBRTENW,2012,2,interm,3,53,1667.04,9.23,20.32,31.33,50.52,97.42,240.46,558.49,578.65,80.62
GBRTENW,2012,2,interm,3,54,2722.81,5.14,4.07,11.12,24.23,60.25,247.46,774.12,1345.2,251.21
GBRTENW,2012,2,interm,3,55,48.26,9.25,1.01,7.07,7.08,5.03,2,3.03,10.29,3.51
GBRTENW,2012,2,interm,3,56,3426.02,0,1.01,2.02,10.11,45.19,158.29,787.38,1763.03,658.98
GBRTENW,2012,2,interm,3,57,6252.38,43.12,22.34,68.74,104.04,185.77,390.76,1279.7,2995.36,1162.56
GBRTENW,2013,2,interm,3,1,216196.37,2227.72,1324.5,2981.43,7278.18,14639.89,29550.94,58499.27,80838.76,18855.73
GBRTENW,2013,2,interm,3,48,663.14,1.02,2.05,7.09,16.12,33.18,94.17,234.44,251.65,23.44
GBRTENW,2013,2,interm,3,49,991.31,0,0,1.01,2.02,5.03,34.06,125.9,558.45,264.83
GBRTENW,2013,2,interm,3,50,2016.96,0,0,11.14,45.34,107.59,247.45,546.48,883.17,175.77
GBRTENW,2013,2,interm,3,51,9988.04,4.1,13.31,64.84,201.48,504.85,1249.27,3080.14,4169.29,700.75
GBRTENW,2013,2,interm,3,52,16953.01,3.04,6.13,65.83,290.18,688.87,1799.27,4845,7506.35,1748.36
GBRTENW,2013,2,interm,3,53,1747.24,8.17,7.16,41.53,66.53,134.77,245.44,564.42,605.38,73.82
GBRTENW,2013,2,interm,3,54,2792.61,2.03,4.08,9.11,21.17,75.42,232.42,800.41,1392.53,255.46
GBRTENW,2013,2,interm,3,55,55.15,4.06,5.11,9.11,6.05,5.03,9.02,6.03,7.23,3.52
GBRTENW,2013,2,interm,3,56,3313.22,0,1.03,3.03,16.13,37.21,140.25,730.99,1790.46,594.11
GBRTENW,2013,2,interm,3,57,6487.95,46.93,31.69,57.74,113.9,192.11,379.69,1306.91,3211.77,1147.21
GBRTENW,2014,2,interm,3,1,213213.03,2308.11,1337.21,3088.61,7402.07,14450.69,29939.96,57533.31,79237.4,17915.72
GBRTENW,2014,2,interm,3,48,553.44,1.04,1.02,6.08,18.12,30.1,68.13,210.33,190.55,28.06
GBRTENW,2014,2,interm,3,49,1028.87,0,0,0,0,4.01,27.05,154.18,519.73,323.89
GBRTENW,2014,2,interm,3,50,2798.58,1.04,1.02,11.16,51.35,130.49,281.53,718.87,1241.82,361.31
GBRTENW,2014,2,interm,3,51,9147.19,2.06,9.19,48.66,223.49,494.76,1232.32,2800.31,3742.4,594
GBRTENW,2014,2,interm,3,52,15858.88,4.08,13.28,57.78,236.56,673.42,1677.16,4384.7,7136.32,1675.59
GBRTENW,2014,2,interm,3,53,1692.48,6.15,17.36,39.61,61.45,100.37,269.5,518.16,596.85,83.02
GBRTENW,2014,2,interm,3,54,2816.26,2.07,4.09,7.1,27.19,67.24,207.38,797.38,1436.04,267.77
GBRTENW,2014,2,interm,3,55,50.69,6.17,5.11,2.03,5.04,6.02,3,8.04,8.26,7.02
GBRTENW,2014,2,interm,3,56,2611.63,1.02,1.02,3.03,10.07,35.12,125.24,523.68,1473.97,438.48
GBRTENW,2014,2,interm,3,57,6510.96,50.55,29.63,58.83,106.78,185.7,374.7,1297.03,3246.65,1161.1
GBRTENW,2015,2,interm,3,1,228611.87,2217.16,1278.53,3019.08,7658.24,14613.94,31180.17,60730.04,86633.54,21281.14
GBRTENW,2015,2,interm,3,48,548.26,1.02,3.05,9.14,14.13,17.07,84.17,176.03,215.78,27.87
GBRTENW,2015,2,interm,3,49,1121.54,0,0,1.02,3.02,9.03,20.04,119.86,623.65,344.91
GBRTENW,2015,2,interm,3,50,2877,1.01,1.02,10.17,44.39,125.49,274.54,729.66,1324.91,365.82
GBRTENW,2015,2,interm,3,51,9056.07,1.03,7.11,52.85,216.86,474.88,1305.54,2699.12,3610,688.66
GBRTENW,2015,2,interm,3,52,15839.29,1.01,9.15,63.02,291.52,708.79,1753.4,4321.16,6958.56,1732.69
GBRTENW,2015,2,interm,3,53,1774.79,6.25,19.31,34.55,56.49,109.43,268.52,576.44,615.53,88.26
GBRTENW,2015,2,interm,3,54,3042.26,1.03,5.09,16.25,21.19,68.27,273.53,796.17,1553,307.75
GBRTENW,2015,2,interm,3,55,43.69,3.06,2.04,3.05,6.05,3.01,2,6.04,11.48,6.97
GBRTENW,2015,2,interm,3,56,2710.8,0,1.02,3.05,18.16,43.16,145.28,570.77,1412.58,516.79
GBRTENW,2015,2,interm,3,57,6822.34,43.39,41.66,52.84,107.94,215.86,444.87,1318.69,3422.99,1174.09
GBRTENW,2016,2,interm,3,1,224972.01,2237.14,1399.92,2970.22,7818.9,15190.3,32232.1,58959.49,82504.78,21659.36
GBRTENW,2016,2,interm,3,48,544.96,2.05,1.01,5.03,17.16,27.12,75.19,198.26,198.34,20.8
GBRTENW,2016,2,interm,3,49,1108.89,0,0,1.01,3.03,15.07,30.07,133.99,561.66,364.07
GBRTENW,2016,2,interm,3,50,2981.71,1.02,1.01,10.1,39.36,122.51,274.68,716.99,1378,438.04
GBRTENW,2016,2,interm,3,51,8364.37,1.04,10.14,51.49,208.9,478.98,1192.93,2562.44,3222.79,635.68
GBRTENW,2016,2,interm,3,52,14752.39,2.04,5.06,51.44,252.32,783.25,1744.3,3961.44,6203.81,1748.7
GBRTENW,2016,2,interm,3,53,1676.71,10.27,18.24,25.23,68.64,117.5,284.71,490.28,561.3,100.55
GBRTENW,2016,2,interm,3,54,3111.5,5.09,5.07,7.06,23.21,70.3,271.64,789.77,1607.64,331.71
GBRTENW,2016,2,interm,3,55,40.08,5.12,1.01,5.05,3.03,5.02,4.01,4.03,10.51,2.31
GBRTENW,2016,2,interm,3,56,2807.03,1.02,1.01,1.02,16.15,34.14,149.35,614.53,1453.53,536.28
GBRTENW,2016,2,interm,3,57,6877.34,47.28,32.44,59.59,134.24,197.85,425,1319.76,3403.69,1257.49
GBRTENW,2001,3,interm,3,1,391826.28,7431.06,4934.1,8500.01,17680.29,34057.4,71295.19,126479.59,105077.98,16370.62
GBRTENW,2001,3,interm,3,48,1333.35,5.01,5.85,10.87,32.93,121.26,344.32,492.33,298.89,21.9
GBRTENW,2001,3,interm,3,49,423.81,0,0,2,4.99,2,33.96,123.76,205.67,51.43
GBRTENW,2001,3,interm,3,50,2959.98,3.01,9.85,31.75,131.68,284.14,544.23,1062.91,807.52,84.86
GBRTENW,2001,3,interm,3,51,47309.66,10.04,64.41,471.34,1733.05,4408.51,10808.78,17978.66,10806.11,1028.77
GBRTENW,2001,3,interm,3,52,60802.06,5.87,55.14,462.36,2002.42,5029.68,11904.08,21522.2,17490.57,2329.73
GBRTENW,2001,3,interm,3,53,3488.86,22.73,34.1,66.24,127.71,301.46,679.9,1212.22,942.66,101.86
GBRTENW,2001,3,interm,3,54,3610.56,11.92,15.66,24.88,80.8,219.15,592.14,1354.2,1172,139.79
GBRTENW,2001,3,interm,3,55,55.71,1.01,4.88,4.99,2,4.01,5.99,8.05,18.84,5.95
GBRTENW,2001,3,interm,3,56,10890.73,7.82,6.83,15.82,44.9,175.07,864.57,3445.58,5154.43,1175.71
GBRTENW,2001,3,interm,3,57,7671.97,154.55,93.21,242.78,347.21,476.31,883.84,2141.32,2766.38,566.35
GBRTENW,2002,3,interm,3,1,397507.98,7211.21,4764.31,8582.1,17200.25,34867.65,70779.23,129596.76,107119.81,17386.59
GBRTENW,2002,3,interm,3,48,1208.39,0,4.92,11.01,36.11,103.94,289.67,483.58,255.1,24.06
GBRTENW,2002,3,interm,3,49,480.4,0,0.97,1.03,2,8.01,29.94,139.25,226.93,72.27
GBRTENW,2002,3,interm,3,50,3013.45,1.9,3.88,47.48,137.39,256.08,564.85,1112.99,809.89,78.99
GBRTENW,2002,3,interm,3,51,46294.55,7.57,79.71,470.46,1663.36,4257.05,10073.87,17764.36,10933.02,1045.13
GBRTENW,2002,3,interm,3,52,58798.31,3.8,60.8,528.59,1919.05,4740.98,11069.25,21050.17,16954.74,2470.96
GBRTENW,2002,3,interm,3,53,3448.64,28.66,24.05,67.59,140.41,285.97,620.97,1243.5,941.62,95.87
GBRTENW,2002,3,interm,3,54,3713.64,9.61,13.71,39.37,94.25,225.96,587.82,1337.98,1263.57,141.38
GBRTENW,2002,3,interm,3,55,55.55,2.94,2.89,3.06,2.01,0,6,13.15,24.39,1.12
GBRTENW,2002,3,interm,3,56,11230.79,6.88,6.81,15.09,60.2,196.95,925.34,3471.86,5337.87,1209.77
GBRTENW,2002,3,interm,3,57,7775.31,122.47,115.97,204.19,331.93,511.36,875.06,2133.4,2819.08,661.84
GBRTENW,2003,3,interm,3,1,404941.66,7319.48,4510.74,8861.92,17010.44,35795.1,70428.79,134164.05,108003.03,18848.05
GBRTENW,2003,3,interm,3,48,1153.89,2.83,5.8,12.03,38.25,94.15,279.54,469.78,225.3,26.23
GBRTENW,2003,3,interm,3,49,566.17,0.93,0.95,1,3.02,11.01,24.05,146.51,297.55,81.17
GBRTENW,2003,3,interm,3,50,3188.15,1.9,7.71,47.07,116.01,265.53,571.21,1141.44,923.6,113.7
GBRTENW,2003,3,interm,3,51,44115.89,13.38,66.3,410.52,1561.25,3975.45,9225.23,17032.93,10668.15,1162.66
GBRTENW,2003,3,interm,3,52,57808.95,3.77,63.38,500.34,1862.15,4813.19,10515.62,20969.89,16576.19,2504.42
GBRTENW,2003,3,interm,3,53,3612.1,27.48,33.84,85.13,125.85,283.49,677.38,1360.53,922.21,96.19
GBRTENW,2003,3,interm,3,54,3647.64,4.72,13.38,28.01,72.49,194.43,573.23,1408.34,1213.37,139.68
GBRTENW,2003,3,interm,3,55,63.56,0.97,2.86,3,7.04,4.01,3,7.05,26.2,9.43
GBRTENW,2003,3,interm,3,56,11178.1,9.52,7.7,24.03,50.39,210.5,865.82,3459.9,5291.11,1259.13
GBRTENW,2003,3,interm,3,57,7977.84,136.96,116.31,204.99,361.17,563.13,945.12,2138.54,2779.31,732.33
GBRTENW,2004,3,interm,3,1,388715.49,7031.23,4263.98,8680.72,16441.68,35000.38,67845.59,130583.56,100601.51,18266.63
GBRTENW,2004,3,interm,3,48,1198.3,4.78,6.63,18.88,32.05,89.15,261.79,486.24,265.6,33.16
GBRTENW,2004,3,interm,3,49,567.37,0,1.96,2.99,3.99,11.02,22.98,143.25,277.37,103.79
GBRTENW,2004,3,interm,3,50,2998.43,0.94,8.74,40.72,106.93,268.62,534.52,1084.96,827.61,125.39
GBRTENW,2004,3,interm,3,51,39891.7,5.6,76.97,414,1379.72,3588.82,8008.07,15572.22,9715.6,1130.7
GBRTENW,2004,3,interm,3,52,54399.52,7.59,52.12,469.96,1773.4,4469.13,9928.54,19733.86,15525.68,2439.24
GBRTENW,2004,3,interm,3,53,3583.57,22.28,29.72,63.63,139.16,286.6,672.42,1300.69,955.12,113.96
GBRTENW,2004,3,interm,3,54,3758.16,6.81,17.54,32.73,63.06,185.43,562.49,1463.79,1279.34,146.97
GBRTENW,2004,3,interm,3,55,67.19,4.1,0.99,3.99,1,2,4,22.15,24.27,4.67
GBRTENW,2004,3,interm,3,56,9569.06,6.67,4.9,22.98,36,171.36,767.28,3044.42,4373.62,1141.82
GBRTENW,2004,3,interm,3,57,7792.22,117.98,114.44,234.36,385.94,568.42,856.32,2099.8,2723.25,691.69
GBRTENW,2005,3,interm,3,1,392691.97,6985.5,4033.54,8517.21,16508.76,35589.59,66818.94,128791.12,105876.66,19570.66
GBRTENW,2005,3,interm,3,48,1166.2,2.96,6.61,12.85,32.15,89.33,262.89,447.94,285.53,25.94
GBRTENW,2005,3,interm,3,49,623.38,0,1.94,0,5.02,6.02,21.07,156.6,346.81,85.91
GBRTENW,2005,3,interm,3,50,3219.01,0.97,15.03,54.34,127.65,295.18,535.63,1089.24,972.05,128.91
GBRTENW,2005,3,interm,3,51,37053.76,9.55,50.08,401.86,1267.02,3370.67,7328.3,14034.91,9421.78,1169.57
GBRTENW,2005,3,interm,3,52,52979.53,5.88,49.92,490.59,1672.32,4405.95,9265.66,18988.37,15516.66,2584.19
GBRTENW,2005,3,interm,3,53,3482.57,17.37,27.72,75.15,140.69,319.24,573.82,1275.91,942.29,110.37
GBRTENW,2005,3,interm,3,54,3868.13,9.41,14.18,28.66,76.38,210.83,544.7,1412.18,1394.03,177.75
GBRTENW,2005,3,interm,3,55,63.82,5.57,1.9,3.92,2.02,4.01,7.02,16.14,12.64,10.6
GBRTENW,2005,3,interm,3,56,9497.1,6.62,8.58,21.81,39.18,169.66,737.32,2901.39,4455.49,1157.04
GBRTENW,2005,3,interm,3,57,8046.52,112.07,95.52,263.52,361.86,607.46,887.66,2081.24,2841.06,796.11
GBRTENW,2006,3,interm,3,1,389305.65,7331.63,4197.68,8795.73,16592.92,36335.61,64950.82,124533.52,107113.37,19454.42
GBRTENW,2006,3,interm,3,48,1073.32,4.13,7.16,13.23,27.25,71.31,222.51,414.78,281.35,31.6
GBRTENW,2006,3,interm,3,49,769.35,0,0,1.02,3.04,15.08,28.07,143.13,396.61,182.41
GBRTENW,2006,3,interm,3,50,3361.99,0,8.18,50.02,134.62,312.66,524.2,1169.5,1021.87,140.94
GBRTENW,2006,3,interm,3,51,33770.3,9.16,57.31,408.49,1264.21,3180.5,6333.49,12258.61,9220.93,1037.63
GBRTENW,2006,3,interm,3,52,50444.71,5.09,61.39,459.56,1674.12,4334.52,8693.86,17507.59,15241.17,2467.41
GBRTENW,2006,3,interm,3,53,3644.93,26.55,29.7,78.39,155.75,306.45,644.48,1263.77,1010.61,129.22
GBRTENW,2006,3,interm,3,54,3719.5,4.08,18.42,32.7,86.99,210.13,503.14,1374.65,1309.18,180.21
GBRTENW,2006,3,interm,3,55,66.11,4.05,7.16,8.16,7.1,7.03,2,4.03,21.91,4.64
GBRTENW,2006,3,interm,3,56,8450.73,5.13,5.12,15.31,44.51,141.68,591.35,2477.58,4057.21,1112.84
GBRTENW,2006,3,interm,3,57,7992.44,169.27,121.84,254.37,364.54,584.06,889.04,1974.82,2856.81,777.69
GBRTENW,2007,3,interm,3,1,392817.35,7244.11,4208.57,8795.85,16382.48,36734.24,64410.74,123093.56,110926.2,21021.7
GBRTENW,2007,3,interm,3,48,1105.02,5.12,7.17,16.31,24.25,70.3,239.5,423.7,295.27,23.4
GBRTENW,2007,3,interm,3,49,883.6,0,0,0,5.05,12.05,22.04,166.19,478.26,199.99
GBRTENW,2007,3,interm,3,50,3551.53,0,3.08,43.83,137.66,325.83,519.11,1158.59,1195.13,168.3
GBRTENW,2007,3,interm,3,51,31839.33,8.17,60.61,405.81,1156.79,3073.99,5705.28,11222.09,9076.19,1130.4
GBRTENW,2007,3,interm,3,52,49654.58,3.08,59.59,421.98,1627.59,4206.79,8286.89,16937.15,15459.14,2652.41
GBRTENW,2007,3,interm,3,53,3458.93,24.65,39.99,74.31,144.54,310.58,574.22,1182.66,977.52,130.49
GBRTENW,2007,3,interm,3,54,4024.82,7.14,13.34,35.69,71.82,185,510.08,1456.17,1536.22,209.35
GBRTENW,2007,3,interm,3,55,81.73,14.26,10.26,12.26,5.06,8.04,3,6.03,13.59,9.21
GBRTENW,2007,3,interm,3,56,8545.3,5.13,4.1,11.23,41.47,196.04,617.3,2391.07,4096.97,1182.01
GBRTENW,2007,3,interm,3,57,8089.79,153.48,91.35,233.7,368.32,551.16,844.81,1946.77,3033.48,866.72
GBRTENW,2008,3,interm,3,1,399384.98,7204.91,4237.31,8919.72,16859.42,36684.92,64908.39,122366.29,115808.58,22395.49
GBRTENW,2008,3,interm,3,48,1041.23,3.04,10.21,12.2,21.22,71.36,195.38,392.23,298.26,37.32
GBRTENW,2008,3,interm,3,49,972.86,0,0,1.01,3.03,7.03,29.06,152.13,547.55,233.05
GBRTENW,2008,3,interm,3,50,3639.52,1.02,14.34,56.02,157.95,291.63,536.14,1176.34,1193.74,212.34
GBRTENW,2008,3,interm,3,51,29846.91,9.18,41.96,405.35,1232.74,2875.09,5393.75,10124.27,8614.59,1149.99
GBRTENW,2008,3,interm,3,52,48669.86,8.19,66.54,444.43,1633.75,4037.67,8110.85,16128.78,15531.44,2708.21
GBRTENW,2008,3,interm,3,53,3578.51,18.31,20.44,97.67,145.69,318.64,593.22,1212.82,1025.24,146.44
GBRTENW,2008,3,interm,3,54,4234.07,5.09,9.19,31.61,73.87,219.24,517.09,1510.42,1638.44,229.12
GBRTENW,2008,3,interm,3,55,100.05,18.28,14.32,9.17,12.14,5.04,7.01,4.02,20.85,9.21
GBRTENW,2008,3,interm,3,56,8995.35,5.12,1.03,16.27,49.57,175.94,601.23,2496.7,4466.2,1183.29
GBRTENW,2008,3,interm,3,57,8626.61,139.86,117.62,236.54,370.59,593.46,852.83,2062.04,3273.12,980.54
GBRTENW,2009,3,interm,3,1,387292.16,6891.96,4081.69,8912.24,16437.45,36144.66,63720.23,117059.62,112466.68,21577.64
GBRTENW,2009,3,interm,3,48,1041.72,2.03,7.18,10.15,37.43,75.32,192.43,412.02,281.28,23.87
GBRTENW,2009,3,interm,3,49,974.3,0,0,3.05,4.04,11.05,23.06,144.9,524.4,263.79
GBRTENW,2009,3,interm,3,50,3604.92,0,7.15,51.96,145.89,313.71,586.46,1044.98,1247.75,207.01
GBRTENW,2009,3,interm,3,51,27579.95,4.06,52.38,329.08,1179.34,2699.31,4912.55,9267.71,8038.45,1097.08
GBRTENW,2009,3,interm,3,52,45826.54,10.15,57.56,413.54,1519.71,3835.11,7480.08,15050.1,14783.49,2676.77
GBRTENW,2009,3,interm,3,53,3512,16.31,32.72,82.39,163.88,312.53,613.46,1149.46,1023.01,118.22
GBRTENW,2009,3,interm,3,54,4219.86,5.08,13.32,33.61,64.8,202.08,505.19,1362.2,1798.47,235.13
GBRTENW,2009,3,interm,3,55,94.12,16.32,14.39,16.28,10.16,10.06,1,8.04,15.59,2.3
GBRTENW,2009,3,interm,3,56,8626.97,9.17,7.17,13.23,46.56,148.8,616.48,2366.84,4186.51,1232.25
GBRTENW,2009,3,interm,3,57,8575.5,136.86,95.37,256.56,364.75,600.44,840.04,2058.14,3230.34,993
GBRTENW,2010,3,interm,3,1,390464.3,6510.69,3843.31,8401.74,16649.97,35801.65,64212.42,116407.07,115913.35,22724.3
GBRTENW,2010,3,interm,3,48,955.23,1.03,2.04,10.19,22.22,71.36,169.34,359.67,286.29,33.09
GBRTENW,2010,3,interm,3,49,1100.14,0,1.03,1.03,7.08,11.06,30.07,156.87,621.96,271.05
GBRTENW,2010,3,interm,3,50,3760.58,0,8.18,48.06,150.88,337.85,581.29,1138.03,1286.02,210.27
GBRTENW,2010,3,interm,3,51,26382.44,9.25,55.24,308.89,1159.84,2513.52,4684.65,8713.46,7844.41,1093.19
GBRTENW,2010,3,interm,3,52,45102.28,7.2,52.2,418.53,1502.82,3877.53,7325.68,14387.44,14814.46,2716.4
GBRTENW,2010,3,interm,3,53,3453.01,23.68,17.4,82.57,141.62,328.76,592.26,1102.06,1017.95,146.71
GBRTENW,2010,3,interm,3,54,4399.92,11.29,8.17,34.67,70.88,204.09,492.04,1492.65,1822.21,263.93
GBRTENW,2010,3,interm,3,55,114.74,16.4,19.46,19.44,9.1,7.05,5.01,15.08,19.74,3.48
GBRTENW,2010,3,interm,3,56,8430.7,6.22,7.15,12.28,41.49,155.85,564.22,2206.1,4237.2,1200.18
GBRTENW,2010,3,interm,3,57,9078.64,112.17,126.88,261.65,406.12,598.34,902.02,2105.59,3448.39,1117.48
GBRTENW,2011,3,interm,3,1,390716.06,6230.89,3738.53,8063.75,16759.09,35170.6,64363.91,114657.21,118133.13,23598.8
GBRTENW,2011,3,interm,3,48,1090.87,3.07,5.14,13.3,26.3,64.29,179.4,378.88,378.63,41.86
GBRTENW,2011,3,interm,3,49,1157.51,0,0,2.05,9.1,14.08,53.12,239.3,577.23,262.64
GBRTENW,2011,3,interm,3,50,3580.11,0,11.31,52.08,127.47,351.75,515.26,1110.31,1199.58,212.37
GBRTENW,2011,3,interm,3,51,24109.47,10.2,45.26,311.8,1043.44,2363.53,4272.63,7910.01,7154.19,998.44
GBRTENW,2011,3,interm,3,52,41545.07,5.11,54.53,375.3,1414.61,3556.77,6896.19,13168.7,13653.33,2420.51
GBRTENW,2011,3,interm,3,53,2575.74,22.46,41.07,64.21,119.32,197.94,453.05,829.14,737.45,111.1
GBRTENW,2011,3,interm,3,54,4521.77,5.11,9.25,29.63,68.76,219.08,490.2,1466.96,1948.3,284.48
GBRTENW,2011,3,interm,3,55,99.71,11.19,15.44,8.19,6.08,9.05,7.02,7.03,20.67,15.05
GBRTENW,2011,3,interm,3,56,5586.34,4.1,3.07,11.24,27.32,117.55,412.95,1456.27,2741.8,812.06
GBRTENW,2011,3,interm,3,57,9384.33,122.99,85.37,199.33,386.54,643.36,947.25,2198.17,3691.69,1109.65
GBRTENW,2012,3,interm,3,1,403902.57,6034.65,3560.06,7477.21,16591.79,34145.85,66039.03,118048.56,127393.63,24612.04
GBRTENW,2012,3,interm,3,48,1141.28,2.04,4.07,10.17,28.34,65.35,154.35,415.17,409.52,52.27
GBRTENW,2012,3,interm,3,49,1321.83,0,3.06,6.11,9.12,26.15,66.16,245.46,679.54,286.23
GBRTENW,2012,3,interm,3,50,3791.28,3.06,7.14,44.84,142.95,318.88,624.56,1118.36,1300.85,230.62
GBRTENW,2012,3,interm,3,51,23504.26,10.17,54.24,283.3,947.2,2146.42,4332.65,7552.17,7127.95,1050.16
GBRTENW,2012,3,interm,3,52,41928.85,13.2,43.03,366.77,1378.09,3357.03,6854.39,13106.55,14249.08,2560.67
GBRTENW,2012,3,interm,3,53,2628.47,18.44,36.72,60.96,113.44,212.21,465.13,840.36,783.13,98.09
GBRTENW,2012,3,interm,3,54,4860.94,7.17,8.17,28.48,79.07,191.14,584.43,1530.51,2092.3,339.66
GBRTENW,2012,3,interm,3,55,105.22,19.42,13.33,14.23,10.12,15.09,8.03,7.04,13.37,4.6
GBRTENW,2012,3,interm,3,56,5755.7,2.03,2.03,7.13,40.56,112.65,374.91,1518.79,2838.78,858.81
GBRTENW,2012,3,interm,3,57,10390.63,119.81,95.12,220.9,386.34,547.26,925.36,2338.03,4329.89,1427.91
GBRTENW,2013,3,interm,3,1,410899.53,5706.05,3809.14,7740.06,16773.06,33680.16,67236.06,119636.06,131910.92,24408.26
GBRTENW,2013,3,interm,3,48,947.97,1.02,3.07,9.14,26.25,57.34,145.32,347.76,330.27,27.8
GBRTENW,2013,3,interm,3,49,1355.21,0,2.04,5.09,11.13,24.16,66.17,214.18,726.12,306.31
GBRTENW,2013,3,interm,3,50,3822.17,2.05,6.14,38.7,149.63,319.98,582.53,1085.99,1405.72,231.44
GBRTENW,2013,3,interm,3,51,23645.98,10.26,48.08,293.66,1055.86,2259.31,4298.88,7481.69,7256.28,941.97
GBRTENW,2013,3,interm,3,52,41469.85,9.17,53.2,312.07,1444.2,3304.73,6966.59,12911.34,14060.93,2407.63
GBRTENW,2013,3,interm,3,53,2806.65,18.46,12.28,80.39,128.31,251.51,494.26,898.42,829.56,93.47
GBRTENW,2013,3,interm,3,54,5086.02,6.15,13.29,27.51,73.8,220.34,553.41,1590.86,2252.43,348.24
GBRTENW,2013,3,interm,3,55,112.09,16.34,13.31,17.3,14.16,11.06,16.03,8.03,12.33,3.52
GBRTENW,2013,3,interm,3,56,5735.04,1.05,3.08,7.12,36.36,113.68,396.01,1456.27,2927.61,793.86
GBRTENW,2013,3,interm,3,57,10909.52,115.71,106.45,205.93,389.35,582.67,1013.7,2466.38,4651.83,1377.52
GBRTENW,2014,3,interm,3,1,408927.91,5777.07,3857.92,7660.56,17021.79,33128.3,68379.46,118450.14,131233.05,23419.7
GBRTENW,2014,3,interm,3,48,846.27,1.04,4.11,16.31,26.24,60.35,123.33,323.66,258.75,32.47
GBRTENW,2014,3,interm,3,49,1366.62,0,0,2.05,14.22,24.19,68.18,227.44,664.79,365.76
GBRTENW,2014,3,interm,3,50,4962.9,2.05,3.08,49,179.25,354.23,689.11,1337.87,1896.65,451.66
GBRTENW,2014,3,interm,3,51,22336.44,4.11,47.26,249.05,1049.8,2210.2,4145.57,6956.13,6829.09,845.23
GBRTENW,2014,3,interm,3,52,39384.99,10.22,54.38,316.44,1383.61,3264.58,6626.33,12050.03,13409.92,2269.5
GBRTENW,2014,3,interm,3,53,2788.63,16.38,36.88,68.27,120.34,243.48,524.45,853.14,821.76,103.96
GBRTENW,2014,3,interm,3,54,5185.16,7.19,11.28,22.45,82.02,196.25,542.61,1598.06,2384.82,340.49
GBRTENW,2014,3,interm,3,55,107.96,12.29,19.49,9.2,13.16,12.06,9.04,10.04,12.35,10.32
GBRTENW,2014,3,interm,3,56,4544.01,1.02,6.17,7.13,30.37,75.44,317.9,1135.81,2377.42,592.75
GBRTENW,2014,3,interm,3,57,10973.11,111.8,97.4,221.53,405.25,586.84,992.05,2423.69,4702.39,1432.16
GBRTENW,2015,3,interm,3,1,435114.34,5781.02,3816.3,7631.77,17435.3,33646.53,70717.48,124859.53,143159.56,28066.56
GBRTENW,2015,3,interm,3,48,817.26,2.04,4.08,18.3,32.38,32.18,136.31,269.33,289.28,33.35
GBRTENW,2015,3,interm,3,49,1537.84,0,0,6.11,18.23,24.14,57.15,229.24,809.88,393.09
GBRTENW,2015,3,interm,3,50,5197.96,1.01,10.21,41.72,180.21,383.29,713.9,1383.87,2017.21,466.55
GBRTENW,2015,3,interm,3,51,22426.42,5.1,37.77,237.08,1077.14,2174.74,4282.6,6907.91,6735.11,968.97
GBRTENW,2015,3,interm,3,52,39592.85,5.09,56.18,334.98,1452.75,3311.91,6732.54,11957.4,13323.87,2418.13
GBRTENW,2015,3,interm,3,53,2945.29,14.49,29.54,69.17,124.38,277.61,551.39,908.52,860.04,110.16
GBRTENW,2015,3,interm,3,54,5623.3,6.19,8.15,31.52,69.83,201.2,648.59,1666.2,2586.43,405.2
GBRTENW,2015,3,interm,3,55,82.27,15.27,6.14,9.15,9.1,3.01,5.01,10.06,17.57,6.97
GBRTENW,2015,3,interm,3,56,4655.08,5.12,2.04,7.11,40.45,89.48,341.83,1152.84,2330.79,685.41
GBRTENW,2015,3,interm,3,57,11662.39,96.64,125.6,182.13,423.22,641.85,1176.15,2555,5017.26,1444.55
GBRTENW,2016,3,interm,3,1,432927.89,5657.17,4095.93,7602.43,17903.77,34423.44,72912.16,122690.81,138619.22,29023
GBRTENW,2016,3,interm,3,48,825.9,4.06,3.05,12.16,26.27,54.31,125.33,298.62,276.9,25.18
GBRTENW,2016,3,interm,3,49,1525.48,0,1.02,4.06,11.14,35.22,84.21,230.36,745.04,414.42
GBRTENW,2016,3,interm,3,50,5353.46,2.03,6.12,53.84,158.99,363.11,721.83,1394.55,2114.25,538.75
GBRTENW,2016,3,interm,3,51,21199.35,4.1,53.04,259.06,1032.07,2178.84,4250.06,6469.54,6060.81,891.83
GBRTENW,2016,3,interm,3,52,37729.12,4.08,51.04,306.83,1356.1,3361.11,6740.54,11220.69,12248.24,2440.51
GBRTENW,2016,3,interm,3,53,2825.8,24.6,34.58,50.68,137.55,250.42,582.5,816.42,803.33,125.73
GBRTENW,2016,3,interm,3,54,5691.66,10.16,11.2,20.29,82.02,211.24,624.56,1641.04,2641.22,449.93
GBRTENW,2016,3,interm,3,55,99.16,15.29,9.18,10.14,12.15,10.04,8.02,10.06,18.68,5.6
GBRTENW,2016,3,interm,3,56,4999.85,3.08,2.03,11.19,31.35,95.57,382.95,1272.18,2458.34,743.17
GBRTENW,2016,3,interm,3,57,11870.34,107.4,96.78,219.35,448.58,593.71,1123.87,2610.75,5049.02,1620.91